{
 "signatures": [
  {
   "keyid": "da9c65c96c5c4072f6984f7aa81216d776aca6664d49cb4dfafbc7119320d9cc",
   "method": "ed25519",
   "sig": "1c82207c253296522647abaddc3b0555945ef91833ac0e66fd79227d4c36465f3e616e00906ef9b4516bbff32bbb43d7b7d9dc0e2ff55d70401ce6480af0c700"
  }
 ],
 "signed": {
  "_type": "Timestamp",
  "expires": "2038-01-18T03:14:19Z",
  "meta": {
   "snapshot.json": {
    "hashes": {
     "sha256": "b1a604f49312e9fc498c28cda12b794f8874c9069174916e0bad7ea360d2bbec"
    },
    "length": 594,
    "version": 2
   }
  },
  "version": 2
 }
}