{
 "signatures": [
  {
   "keyid": "aaf05f8d054f8068bf6cb46beed7c824e2560802df462fc8681677586582ca99",
   "method": "ed25519",
   "sig": "3fd1bdc6b6f70fca7063a39a063da63f13bd84388e374c566732faad4988cf1028cd8c02668acf08a22bc6c955a6e1467df9bea46328873e0b4cd8529746c108"
  }
 ],
 "signed": {
  "_type": "Snapshot",
  "expires": "2038-01-18T03:14:07Z",
  "meta": {
   "root.json": {
    "hashes": {
     "sha256": "33f29c8ffce9b7ea3095a15000b9265d69e2498a9beb29f5cecc0fb3b7494a08"
    },
    "length": 2259,
    "version": 1
   },
   "targets.json": {
    "version": 1
   }
  },
  "version": 1
 }
}