{
 "signatures": [
  {
   "keyid": "aaf05f8d054f8068bf6cb46beed7c824e2560802df462fc8681677586582ca99",
   "method": "ed25519",
   "sig": "59cfb93b45fc4a7400c9c98b8200c381c2c6a68bd697dbaa49a96ee1730c668129b1d9778f2bdc66d00eccabf679312ab43cab061e5a63d0c0571230a2bf0109"
  }
 ],
 "signed": {
  "_type": "Snapshot",
  "expires": "2035-06-01T22:17:52Z",
  "meta": {
   "root.json": {
    "hashes": {
     "sha256": "e84425b9da3698cedb8d4ea63123cbcffcd47ff027d53d308589eb9857f8ac78"
    },
    "length": 2120,
    "version": 1
   },
   "targets.json": {
    "version": 1
   }
  },
  "version": 1
 }
}