{
 "signatures": [
  {
   "keyid": "6fcd9a928358ad8ca7e946325f57ec71d50cb5977a8d02c5ab0de6765fef040a",
   "method": "ed25519",
   "sig": "0c2a95485dca56dadf4be8f8f015de79d92e015427c79a5ff134df63f6a81b19abd2bec2fd85840a7624c2409faaf694cbec2467d9012a42660e223000eb540d"
  }
 ],
 "signed": {
  "_type": "Timestamp",
  "expires": "2038-01-18T03:14:07Z",
  "meta": {
   "snapshot.json": {
    "hashes": {
     "sha256": "d637c37e4417c7649b275403eacf3bf2c0db913bc72ac2847e55968d07ea0716"
    },
    "length": 594,
    "version": 1
   }
  },
  "version": 1
 }
}