{
 "signatures": [
  {
   "keyid": "aaf05f8d054f8068bf6cb46beed7c824e2560802df462fc8681677586582ca99",
   "method": "ed25519",
   "sig": "5259eabac762bf61e0edce451f0645861ee79f3d6654d03c484badbff95e6c216daf82cc9a9a6285540a1126486fc5f3cf6a35985b7dc62ec32e4f2ab882d600"
  }
 ],
 "signed": {
  "_type": "Snapshot",
  "expires": "2038-01-18T03:14:07Z",
  "meta": {
   "root.json": {
    "hashes": {
     "sha256": "46f623b52e1e0d17bef556175227c90ea0d79c3f4e33957294fe5b1fdbddae76"
    },
    "length": 2120,
    "version": 1
   },
   "targets.json": {
    "version": 1
   }
  },
  "version": 1
 }
}