{
 "signatures": [
  {
   "keyid": "f93cfcf33d335ff43654ec6047e0a18dd5595ee3de53136b94c9c756788a0f97",
   "method": "ed25519",
   "sig": "ac9265b8022216662d9041696260caa82a1b4a200b0ecd6f98a31a4a81bc883162462e9ea32ea30cd1ae332aff7f239414ca55923bb9a83a88402b028acf5700"
  }
 ],
 "signed": {
  "_type": "Snapshot",
  "expires": "2038-01-18T03:14:19Z",
  "meta": {
   "root.json": {
    "hashes": {
     "sha256": "7098bc863d8f04e1305ed28aa08b35d05be0f507e6b3d52a606cc6bf6e871006"
    },
    "length": 2259,
    "version": 1
   },
   "targets.json": {
    "version": 1
   }
  },
  "version": 1
 }
}