{
 "signatures": [
  {
   "keyid": "f93cfcf33d335ff43654ec6047e0a18dd5595ee3de53136b94c9c756788a0f97",
   "method": "ed25519",
   "sig": "dbf828452d952b1423b6797bceb6f1eea0f049cf3da73f42af85c032b3a4b3265d9eb164616ea94afe8bcf0d2c972a0abdf11a7a0a0107711bbf47eb9df7ff04"
  }
 ],
 "signed": {
  "_type": "Snapshot",
  "expires": "2038-01-18T03:14:15Z",
  "meta": {
   "root.json": {
    "hashes": {
     "sha256": "983203b28c67ea490db40bc82801aa771c9522ccbbc33bcf3239e37eef95523d"
    },
    "length": 2120,
    "version": 1
   },
   "targets.json": {
    "version": 1
   }
  },
  "version": 1
 }
}