{
 "signatures": [
  {
   "keyid": "da9c65c96c5c4072f6984f7aa81216d776aca6664d49cb4dfafbc7119320d9cc",
   "method": "ed25519",
   "sig": "dbe5e8c1075e68b888eaa0d85cba9f97610980cf634110e0dcc558eb325f28de5129fb92d807a59a18f94637250a22c4ff76e065f9863daaad818683e5122e0d"
  }
 ],
 "signed": {
  "_type": "Timestamp",
  "expires": "2038-01-18T03:14:19Z",
  "meta": {
   "snapshot.json": {
    "hashes": {
     "sha256": "d3bc22745f0ad4c6f12df987346a3f5a29f024d899c16d23f25adb401d618cfa"
    },
    "length": 594,
    "version": 1
   }
  },
  "version": 1
 }
}