{
 "signatures": [
  {
   "keyid": "da9c65c96c5c4072f6984f7aa81216d776aca6664d49cb4dfafbc7119320d9cc",
   "method": "ed25519",
   "sig": "4d29caea1f135790c99f5112c89833c363e23a72f082dee707bf9723a9c45bda47f8bfd8711a646139e16d892c9a0ea99b86c85f021ce9db28ee70ae3d5c6e07"
  }
 ],
 "signed": {
  "_type": "Timestamp",
  "expires": "2038-01-18T03:14:15Z",
  "meta": {
   "snapshot.json": {
    "hashes": {
     "sha256": "9d98d3a1a89a277eb23fb3237709318fbea54249c539dbf5b53eb8318c75847a"
    },
    "length": 594,
    "version": 1
   }
  },
  "version": 1
 }
}