{
 "signatures": [
  {
   "keyid": "f93cfcf33d335ff43654ec6047e0a18dd5595ee3de53136b94c9c756788a0f97",
   "method": "ed25519",
   "sig": "b518d8071a5257410fbe60a825208ba71e29c923883c6787b475e795dad2d767354b1d98473777cf6e67ad98cce5da40115a6e77af4c784faeff5bf3f37e8f0d"
  }
 ],
 "signed": {
  "_type": "Snapshot",
  "expires": "2035-06-01T22:18:00Z",
  "meta": {
   "root.json": {
    "hashes": {
     "sha256": "f2bfda2354b6b297e358a6169c554ecb3a5b3f6b1787bf87ae595f73d7764f71"
    },
    "length": 2120,
    "version": 1
   },
   "targets.json": {
    "version": 3
   }
  },
  "version": 3
 }
}