{
 "signatures": [
  {
   "keyid": "f93cfcf33d335ff43654ec6047e0a18dd5595ee3de53136b94c9c756788a0f97",
   "method": "ed25519",
   "sig": "df224bc6165f35638d37cbd207d613660abf62abfa9c6d90b59f8989ad26e1f1661118863589ecaa29a3b36bff090c3dfec05106cb906c5ff7c08303ea66bc06"
  }
 ],
 "signed": {
  "_type": "Snapshot",
  "expires": "2038-01-18T03:14:15Z",
  "meta": {
   "root.json": {
    "hashes": {
     "sha256": "983203b28c67ea490db40bc82801aa771c9522ccbbc33bcf3239e37eef95523d"
    },
    "length": 2120,
    "version": 1
   },
   "targets.json": {
    "version": 2
   }
  },
  "version": 2
 }
}