{
 "signatures": [
  {
   "keyid": "f93cfcf33d335ff43654ec6047e0a18dd5595ee3de53136b94c9c756788a0f97",
   "method": "ed25519",
   "sig": "3432f7fdfa51c050929c1eefc9812ed7dc18b5dcc1fd318c48b0a8cc4654b74905cbbbee947ea6bd8e7aabd06df9cdabc4791a2e0201e69a5f8cb7a072676b0d"
  }
 ],
 "signed": {
  "_type": "Snapshot",
  "expires": "2038-01-18T03:14:19Z",
  "meta": {
   "root.json": {
    "hashes": {
     "sha256": "7098bc863d8f04e1305ed28aa08b35d05be0f507e6b3d52a606cc6bf6e871006"
    },
    "length": 2259,
    "version": 1
   },
   "targets.json": {
    "version": 2
   }
  },
  "version": 2
 }
}