{
 "signatures": [
  {
   "keyid": "630cf584f392430b2119a4395e39624e86f5e5c5374507a789be5cf35bf090d6",
   "method": "ed25519",
   "sig": "dae32e63f4950275a13f6445b0cbffd9fb451ba95ccebef694a28b17b7d968e79366a40ed7478704cdfb6ead557ac4f0f8ad66ace9f544b34e52ff7ca5df270b"
  }
 ],
 "signed": {
  "_type": "Targets",
  "delegations": {
   "keys": {},
   "roles": []
  },
  "expires": "2035-08-25T05:45:10Z",
  "targets": {
   "/BCU1.1.txt": {
    "custom": {
     "ecu_serial": "BCUdemocar"
    },
    "hashes": {
     "sha256": "1eb6fa5c6bb606c5326d6ef0ff05f5fcefde4e50c7daea530978090778b38bf4",
     "sha512": "9727058c2ba828fdd2fc5ae02f52c10e47404283f92df3539989e2ada3cf7e85a9772faed1bd0bad3fc2bd8f6e5d15b976b8e832dd46874be72b994bc57a62a0"
    },
    "length": 18
   },
   "/TCU1.1.txt": {
    "custom": {
     "ecu_serial": "TCUdemocar"
    },
    "hashes": {
     "sha256": "56d7cd56a85e34e40d005e1f79c0e95d6937d5528ac0b301dbe68d57e03a5c21",
     "sha512": "94d7419b8606103f363aa17feb875575a978df8e88038ea284ff88d90e534eaa7218040384b19992cc7866f5eca803e1654c9ccdf3b250d6198b3c4731216db4"
    },
    "length": 17
   }
  },
  "version": 3
 }
}