{
 "signatures": [
  {
   "keyid": "630cf584f392430b2119a4395e39624e86f5e5c5374507a789be5cf35bf090d6",
   "method": "ed25519",
   "sig": "22c402ecf09ecd92ac01e04dca09dfa3b02675d3713ace97993a262bcbf5e566c40bc92bdf2d769c096e9308375dffc06ae4fef29e6e9badae59eec58ddd2701"
  }
 ],
 "signed": {
  "_type": "Targets",
  "delegations": {
   "keys": {},
   "roles": []
  },
  "expires": "2038-01-18T03:14:19Z",
  "targets": {
   "/TCU1.1.txt": {
    "custom": {
     "ecu_serial": "TCUdemocar"
    },
    "hashes": {
     "sha256": "56d7cd56a85e34e40d005e1f79c0e95d6937d5528ac0b301dbe68d57e03a5c21",
     "sha512": "94d7419b8606103f363aa17feb875575a978df8e88038ea284ff88d90e534eaa7218040384b19992cc7866f5eca803e1654c9ccdf3b250d6198b3c4731216db4"
    },
    "length": 17
   }
  },
  "version": 2
 }
}