{
 "signatures": [
  {
   "keyid": "da9c65c96c5c4072f6984f7aa81216d776aca6664d49cb4dfafbc7119320d9cc",
   "method": "ed25519",
   "sig": "064409a87ed79b2bda498112382379513bf80812312d49c571cfd7f17e9d6e39a8f5c292b79033e9a89c225a74b9fd7b9766b402ae890d73b77c0779d82e2503"
  }
 ],
 "signed": {
  "_type": "Timestamp",
  "expires": "2038-01-18T03:14:19Z",
  "meta": {
   "snapshot.json": {
    "hashes": {
     "sha256": "33f214adde1a77ff7c3e1f2c7ccab0bf9fcb6faf6dbf63c6724dc856e1c47984"
    },
    "length": 594,
    "version": 2
   }
  },
  "version": 2
 }
}