{
 "signatures": [
  {
   "keyid": "da9c65c96c5c4072f6984f7aa81216d776aca6664d49cb4dfafbc7119320d9cc",
   "method": "ed25519",
   "sig": "ac6a33008abe7672cd6b6878ffbb8449790ffddc9b3bf293350ee0fdad031d8e4ce41c34fdca497c29a6c97271979f501b250faf270a59eafebf1623cb245405"
  }
 ],
 "signed": {
  "_type": "Timestamp",
  "expires": "2035-05-26T22:18:00Z",
  "meta": {
   "snapshot.json": {
    "hashes": {
     "sha256": "bc9e8d21d391e57ba0422d5e9930a466e69f396eb78a9bb575bd07cd05eb7cce"
    },
    "length": 594,
    "version": 3
   }
  },
  "version": 3
 }
}