{
 "signatures": [
  {
   "keyid": "da9c65c96c5c4072f6984f7aa81216d776aca6664d49cb4dfafbc7119320d9cc",
   "method": "ed25519",
   "sig": "19ecc7d5ae73238e91bc15577837d678d845f3a9efb0f23f908d600f6aa870198a391494f2440b15c9b460eed6ded0e30eaf4ffa8b8ae0eb52da594deb46b008"
  }
 ],
 "signed": {
  "_type": "Timestamp",
  "expires": "2038-01-18T03:14:15Z",
  "meta": {
   "snapshot.json": {
    "hashes": {
     "sha256": "36020d21bbdaa8581156a333541367100c2409c48f35e018888c4fd5c9b1f9d7"
    },
    "length": 594,
    "version": 2
   }
  },
  "version": 2
 }
}